"","1","2","3","4","5","6","7","8","9","10","11","12","13","14","15","16","17","18","19","20","21","22","23","24","25","26","27","28","29","30"
"ChinaCDC1_Primer_F",0,0,0,0,0,0,0,0,0,0,0,0,0,0,0,0,1,0,0,0,0,NA,NA,NA,NA,NA,NA,NA,NA,NA
"ChinaCDC1_Primer_R",0,0,0,0,0,0,0,0,0,0,0,0,0,0,0,0,1,0,0,NA,NA,NA,NA,NA,NA,NA,NA,NA,NA,NA
"ChinaCDC1_Probe_F",1,0,0,0,0,0,0,1,0,0,0,0,0,0,0,0,0,0,0,0,0,0,0,0,1,1,0,0,NA,NA
"ChinaCDC2_Primer_F",0,0,0,0,0,0,0,0,0,0,0,0,0,0,0,0,0,0,0,0,0,0,NA,NA,NA,NA,NA,NA,NA,NA
"ChinaCDC2_Primer_R",0,0,0,0,0,0,0,0,0,0,0,0,0,0,0,0,0,0,0,0,0,0,NA,NA,NA,NA,NA,NA,NA,NA
"ChinaCDC2_Probe_F",0,0,0,0,0,0,0,0,0,0,0,0,0,0,0,0,0,0,0,0,NA,NA,NA,NA,NA,NA,NA,NA,NA,NA
"Corman1_Primer_F",0,0,0,0,0,0,0,1,1,0,0,0,0,1,0,0,0,0,0,0,0,0,NA,NA,NA,NA,NA,NA,NA,NA
"Corman1_Primer_R",0,0,0,0,0,0,0,0,0,0,0,0,0,0,0,0,0,0,0,0,0,0,0,0,0,0,NA,NA,NA,NA
"Corman1_Probe_F",0,0,0,0,0,0,0,1,0,0,1,0,0,0,0,0,0,0,0,0,0,0,0,0,0,NA,NA,NA,NA,NA
"Corman2_Primer_F",0,0,0,0,0,0,0,1,1,0,0,0,0,1,0,0,0,0,0,0,0,0,NA,NA,NA,NA,NA,NA,NA,NA
"Corman2_Primer_R",0,0,0,0,0,0,0,0,0,0,0,0,0,0,0,0,0,0,0,0,0,0,0,0,0,0,NA,NA,NA,NA
"Corman2_Probe_F",0,0,0,0,0,0,0,1,0,0,1,0,0,0,0,0,0,0,0,0,0,0,0,0,0,NA,NA,NA,NA,NA
"France1_Primer_F",0,0,0,0,0,0,0,0,0,0,0,0,0,0,0,0,0,0,NA,NA,NA,NA,NA,NA,NA,NA,NA,NA,NA,NA
"France1_Primer_R",0,1,0,0,0,0,0,1,0,0,0,0,0,1,0,0,0,0,NA,NA,NA,NA,NA,NA,NA,NA,NA,NA,NA,NA
"France1_Probe_F",0,0,0,0,0,1,0,0,0,0,0,0,0,0,0,0,0,0,0,0,0,NA,NA,NA,NA,NA,NA,NA,NA,NA
"France2_Primer_F",0,0,0,0,0,0,0,0,0,0,0,0,0,0,0,0,0,0,0,NA,NA,NA,NA,NA,NA,NA,NA,NA,NA,NA
"France2_Primer_R",0,0,0,0,0,0,0,0,0,0,0,0,0,0,0,0,1,1,1,0,NA,NA,NA,NA,NA,NA,NA,NA,NA,NA
"France2_Probe_F",0,0,0,0,0,0,0,0,0,0,0,0,0,1,0,1,0,1,0,NA,NA,NA,NA,NA,NA,NA,NA,NA,NA,NA
"France3_Primer_F",0,0,0,0,0,0,0,0,0,0,0,0,0,0,0,0,0,0,0,0,0,0,0,0,0,1,NA,NA,NA,NA
"France3_Primer_R",0,0,0,0,0,0,0,0,0,0,1,0,0,0,0,0,0,0,0,0,0,0,NA,NA,NA,NA,NA,NA,NA,NA
"France3_Probe_F",0,1,0,0,0,0,0,0,1,0,0,0,0,0,0,0,0,0,0,1,0,1,1,0,0,0,NA,NA,NA,NA
"HKU1_Primer_F",0,0,0,0,0,0,0,0,0,0,1,1,0,0,0,0,0,0,0,0,NA,NA,NA,NA,NA,NA,NA,NA,NA,NA
"HKU1_Primer_R",0,0,0,0,0,1,0,0,0,1,0,0,0,0,0,1,0,0,1,0,0,NA,NA,NA,NA,NA,NA,NA,NA,NA
"HKU1_Probe_F",0,0,0,0,0,0,0,0,0,0,1,0,0,0,1,0,0,0,0,0,0,0,0,0,NA,NA,NA,NA,NA,NA
"HKU2_Primer_F",0,0,0,0,0,0,0,0,0,0,0,0,0,0,0,0,0,0,0,0,0,0,NA,NA,NA,NA,NA,NA,NA,NA
"HKU2_Primer_R",0,0,0,0,0,0,0,0,0,0,0,0,0,0,0,0,0,0,0,NA,NA,NA,NA,NA,NA,NA,NA,NA,NA,NA
"HKU2_Probe_F",0,0,0,0,0,0,0,0,0,0,0,0,0,0,0,0,0,0,0,0,NA,NA,NA,NA,NA,NA,NA,NA,NA,NA
"Japan1_Primer_F",0,0,0,0,0,0,0,0,0,0,0,0,0,0,0,0,0,0,0,0,NA,NA,NA,NA,NA,NA,NA,NA,NA,NA
"Japan1_Primer_R",0,0,0,0,0,0,0,0,0,0,0,0,0,0,0,0,0,0,0,0,NA,NA,NA,NA,NA,NA,NA,NA,NA,NA
"Japan1_Probe_F",0,0,0,0,0,0,0,0,0,0,0,0,0,0,0,0,0,0,0,0,NA,NA,NA,NA,NA,NA,NA,NA,NA,NA
"Japan2_Primer_F",0,0,0,0,0,0,0,0,0,0,0,0,0,0,0,0,0,0,0,0,0,NA,NA,NA,NA,NA,NA,NA,NA,NA
"Japan2_Primer_R",0,1,0,0,1,0,0,0,0,0,1,0,0,0,0,0,0,0,0,0,0,1,0,NA,NA,NA,NA,NA,NA,NA
"Japan2_Probe_F",0,0,0,0,0,0,0,0,0,0,0,0,0,0,0,0,0,0,0,0,NA,NA,NA,NA,NA,NA,NA,NA,NA,NA
"Japan3_Primer_F",0,0,0,0,0,0,0,0,0,0,0,0,0,0,0,0,0,0,0,NA,NA,NA,NA,NA,NA,NA,NA,NA,NA,NA
"Japan3_Primer_R",0,0,1,0,0,0,0,1,0,0,0,0,0,1,0,0,1,1,0,1,0,0,NA,NA,NA,NA,NA,NA,NA,NA
"Japan3_Probe_R",0,0,0,0,0,0,0,0,0,0,0,0,0,1,0,0,0,0,1,NA,NA,NA,NA,NA,NA,NA,NA,NA,NA,NA
"Japan4_Primer_F",0,0,0,1,1,0,0,0,0,0,1,0,0,1,1,0,1,0,1,0,1,0,1,0,NA,NA,NA,NA,NA,NA
"Japan4_Primer_R",0,1,0,0,0,0,0,0,0,0,0,0,0,0,0,0,0,1,0,0,1,0,0,0,0,NA,NA,NA,NA,NA
"Japan4_Probe_F",0,1,1,0,1,0,1,0,1,0,1,0,1,0,1,1,1,1,0,0,0,NA,NA,NA,NA,NA,NA,NA,NA,NA
"Japan5_Primer_F",1,0,0,1,1,0,1,0,1,0,1,0,1,0,1,0,1,1,1,1,0,NA,NA,NA,NA,NA,NA,NA,NA,NA
"Japan5_Primer_R",0,0,0,0,0,0,0,0,0,0,1,0,0,0,0,0,0,0,0,0,0,0,0,NA,NA,NA,NA,NA,NA,NA
"Japan5_Probe_R",0,0,0,0,0,0,0,0,0,0,0,0,0,0,1,0,0,0,0,NA,NA,NA,NA,NA,NA,NA,NA,NA,NA,NA
"Thailand1_Primer_F",0,0,0,0,0,1,1,0,1,1,0,1,1,0,0,0,0,1,1,0,NA,NA,NA,NA,NA,NA,NA,NA,NA,NA
"Thailand1_Primer_R",0,1,0,1,1,0,0,0,0,0,1,1,0,1,0,1,1,0,1,NA,NA,NA,NA,NA,NA,NA,NA,NA,NA,NA
"Thailand1_Probe_F",0,0,0,1,0,0,0,0,0,0,0,1,0,0,0,0,NA,NA,NA,NA,NA,NA,NA,NA,NA,NA,NA,NA,NA,NA
"USCDC1_Primer_F",1,0,1,1,1,0,0,0,0,0,1,0,0,1,0,0,0,0,1,0,NA,NA,NA,NA,NA,NA,NA,NA,NA,NA
"USCDC1_Primer_R",0,0,1,1,0,1,0,0,0,1,0,0,0,0,0,0,0,1,0,0,0,0,0,0,NA,NA,NA,NA,NA,NA
"USCDC1_Probe_F",0,1,1,0,0,0,1,0,0,0,0,0,0,0,0,0,1,1,0,1,1,0,1,1,NA,NA,NA,NA,NA,NA
"USCDC2_Primer_F",0,0,0,0,0,0,0,0,0,0,0,0,0,0,0,0,0,0,0,0,NA,NA,NA,NA,NA,NA,NA,NA,NA,NA
"USCDC2_Primer_R",0,0,0,0,0,0,0,0,0,0,0,0,0,0,0,0,0,0,NA,NA,NA,NA,NA,NA,NA,NA,NA,NA,NA,NA
"USCDC2_Probe_F",0,0,0,0,0,0,0,0,0,0,0,0,0,0,0,0,0,0,0,0,0,0,0,NA,NA,NA,NA,NA,NA,NA
"USCDC3_Primer_F",0,0,0,0,0,0,0,0,0,0,0,0,0,0,0,0,0,0,0,0,0,0,NA,NA,NA,NA,NA,NA,NA,NA
"USCDC3_Primer_R",0,0,0,0,0,0,0,0,0,0,0,0,0,0,0,0,0,0,0,0,0,NA,NA,NA,NA,NA,NA,NA,NA,NA
"USCDC3_Probe_F",0,0,0,0,0,0,0,0,0,0,0,0,0,0,0,0,0,0,0,0,0,0,0,0,NA,NA,NA,NA,NA,NA
