"feature"	"metadata"	"value"	"coef"	"stderr"	"pval"	"name"	"qval"	"N"	"N.not.zero"	"reference"	"domain"	"phylum"	"class"	"order"	"family"	"genus"	"species"
"32011"	"case"	"COVID19"	4.15771439634962	0.664398718956048	4.30701724187131e-07	"caseCOVID19"	0.000158785368983656	86	38	"Uninfected"	"Bacteria"	"Proteobacteria"	"Betaproteobacteria"	"Nitrosomonadales"	"Methylophilaceae"	NA	NA
"34072"	"case"	"Community Acquired Pneumonia"	3.34790597913491	0.572727013874427	3.55380888992465e-07	"caseCommunity Acquired Pneumonia"	0.000158785368983656	86	55	"Uninfected"	"Bacteria"	"Proteobacteria"	"Betaproteobacteria"	"Burkholderiales"	"Comamonadaceae"	"Variovorax"	NA
"2126319"	"case"	"COVID19"	4.13200787004586	0.695581917504492	3.34693761529017e-07	"caseCOVID19"	0.000158785368983656	86	50	"Uninfected"	"Bacteria"	"Proteobacteria"	"Betaproteobacteria"	"Burkholderiales"	"Comamonadaceae"	"Variovorax"	"Variovorax sp. PMC12"
"2126319"	"case"	"Community Acquired Pneumonia"	4.06192885944392	0.701614097687031	6.19881257397782e-07	"caseCommunity Acquired Pneumonia"	0.000171397167670487	86	50	"Uninfected"	"Bacteria"	"Proteobacteria"	"Betaproteobacteria"	"Burkholderiales"	"Comamonadaceae"	"Variovorax"	"Variovorax sp. PMC12"
"93973"	"case"	"COVID19"	2.08177029927927	0.330996220846842	1.69189549413054e-06	"caseCOVID19"	0.000374247283301675	86	31	"Uninfected"	"Bacteria"	"Proteobacteria"	"Gammaproteobacteria"	"Alteromonadales"	"Shewanellaceae"	"Shewanella"	"Shewanella japonica"
"663243"	"case"	"Community Acquired Pneumonia"	3.10993803473878	0.585365492890596	2.57382375132859e-06	"caseCommunity Acquired Pneumonia"	0.000474441511494903	86	53	"Uninfected"	"Bacteria"	"Proteobacteria"	"Betaproteobacteria"	"Burkholderiales"	"Comamonadaceae"	"Variovorax"	NA
"34072"	"case"	"COVID19"	2.95639325276958	0.577032654520289	4.46587570838916e-06	"caseCOVID19"	0.000705608361925488	86	55	"Uninfected"	"Bacteria"	"Proteobacteria"	"Betaproteobacteria"	"Burkholderiales"	"Comamonadaceae"	"Variovorax"	NA
"436515"	"case"	"COVID19"	3.92004377077825	0.7441265724531	6.02080154071284e-06	"caseCOVID19"	0.000739889611558712	86	41	"Uninfected"	"Bacteria"	"Proteobacteria"	"Betaproteobacteria"	"Burkholderiales"	"Comamonadaceae"	"Variovorax"	"Variovorax boronicumulans"
"663243"	"case"	"COVID19"	2.9924779591042	0.589511963047054	5.71042906541089e-06	"caseCOVID19"	0.000739889611558712	86	53	"Uninfected"	"Bacteria"	"Proteobacteria"	"Betaproteobacteria"	"Burkholderiales"	"Comamonadaceae"	"Variovorax"	NA
"2303331"	"case"	"COVID19"	2.39122170707708	0.445035892398738	6.98353625415639e-06	"caseCOVID19"	0.000772379109709696	86	36	"Uninfected"	"Bacteria"	"Proteobacteria"	"Gammaproteobacteria"	"Nevskiales"	"Sinobacteraceae"	"Solimonas"	"Solimonas sp. K1W22B-7"
"436515"	"case"	"Community Acquired Pneumonia"	3.79802530956199	0.742437753501893	1.01313611074099e-05	"caseCommunity Acquired Pneumonia"	0.00101866230770867	86	41	"Uninfected"	"Bacteria"	"Proteobacteria"	"Betaproteobacteria"	"Burkholderiales"	"Comamonadaceae"	"Variovorax"	"Variovorax boronicumulans"
"1360"	"case"	"COVID19"	2.97130310518427	0.508242003871827	1.13098026232694e-05	"caseCOVID19"	0.00104238680844466	86	23	"Uninfected"	"Bacteria"	"Firmicutes"	"Bacilli"	"Lactobacillales"	"Streptococcaceae"	"Lactococcus"	"Lactococcus lactis"
"338969"	"case"	"COVID19"	3.05193417686397	0.638242501851567	3.28934135090171e-05	"caseCOVID19"	0.00279847041084407	86	37	"Uninfected"	"Bacteria"	"Proteobacteria"	"Betaproteobacteria"	"Burkholderiales"	"Comamonadaceae"	"Rhodoferax"	"Rhodoferax ferrireducens"
"93973"	"case"	"Community Acquired Pneumonia"	1.59479945271119	0.303792090926374	4.78673804810093e-05	"caseCommunity Acquired Pneumonia"	0.00364005334224776	86	31	"Uninfected"	"Bacteria"	"Proteobacteria"	"Gammaproteobacteria"	"Alteromonadales"	"Shewanellaceae"	"Shewanella"	"Shewanella japonica"
"1813871"	"case"	"COVID19"	2.58943710410223	0.570265795403435	4.93678120558014e-05	"caseCOVID19"	0.00364005334224776	86	44	"Uninfected"	"Bacteria"	"Bacteroidetes"	"Chitinophagia"	"Chitinophagales"	"Chitinophagaceae"	"Panacibacter"	"Panacibacter ginsenosidivorans"
"624"	"case"	"COVID19"	2.02393718615539	0.444612816137289	6.17032854646807e-05	"caseCOVID19"	0.00379132409577427	86	38	"Uninfected"	"Bacteria"	"Proteobacteria"	"Gammaproteobacteria"	"Enterobacterales"	"Enterobacteriaceae"	"Shigella"	"Shigella sonnei"
"964"	"case"	"Community Acquired Pneumonia"	2.63608120888289	0.562536439811962	6.02857593177158e-05	"caseCommunity Acquired Pneumonia"	0.00379132409577427	86	34	"Uninfected"	"Bacteria"	"Proteobacteria"	"Betaproteobacteria"	"Burkholderiales"	"Oxalobacteraceae"	"Herbaspirillum"	"Herbaspirillum seropedicae"
"2202826"	"case"	"Community Acquired Pneumonia"	2.09869609990042	0.462952729540494	5.63749925873976e-05	"caseCommunity Acquired Pneumonia"	0.00379132409577427	86	41	"Uninfected"	"Bacteria"	"Proteobacteria"	"Alphaproteobacteria"	"Rhizobiales"	"Methylobacteriaceae"	"Methylobacterium"	"Methylobacterium sp. 17Sr1-1"
"908290"	"case"	"Community Acquired Pneumonia"	2.7166399550379	0.59242655076948	8.60438023906691e-05	"caseCommunity Acquired Pneumonia"	0.00500865502337263	86	31	"Uninfected"	"Bacteria"	"Proteobacteria"	"Alphaproteobacteria"	"Rhizobiales"	"Methylobacteriaceae"	"Methylobacterium"	"Methylobacterium mesophilicum"
"329"	"case"	"Community Acquired Pneumonia"	2.21508826748901	0.510429886298356	0.000109013530777923	"caseCommunity Acquired Pneumonia"	0.00514456248489979	86	45	"Uninfected"	"Bacteria"	"Proteobacteria"	"Betaproteobacteria"	"Burkholderiales"	"Burkholderiaceae"	"Ralstonia"	"Ralstonia pickettii"
"338969"	"case"	"Community Acquired Pneumonia"	2.8694299206711	0.648390077661436	9.4197125426709e-05	"caseCommunity Acquired Pneumonia"	0.00514456248489979	86	37	"Uninfected"	"Bacteria"	"Proteobacteria"	"Betaproteobacteria"	"Burkholderiales"	"Comamonadaceae"	"Rhodoferax"	"Rhodoferax ferrireducens"
"2014887"	"case"	"Community Acquired Pneumonia"	3.77867963437572	0.79760146029958	0.000111636075621695	"caseCommunity Acquired Pneumonia"	0.00514456248489979	86	24	"Uninfected"	"Bacteria"	"Proteobacteria"	"Betaproteobacteria"	"Burkholderiales"	"Oxalobacteraceae"	"Herbaspirillum"	"Herbaspirillum robiniae"
"2067957"	"case"	"Community Acquired Pneumonia"	2.2643483992197	0.535281182092307	0.000100098902695686	"caseCommunity Acquired Pneumonia"	0.00514456248489979	86	54	"Uninfected"	"Bacteria"	"Proteobacteria"	"Alphaproteobacteria"	"Rhizobiales"	"Methylobacteriaceae"	"Methylobacterium"	"Methylobacterium sp. DM1"
"2529408"	"case"	"COVID19"	2.2393894737197	0.490656508275823	0.000109510876088808	"caseCOVID19"	0.00514456248489979	86	45	"Uninfected"	"Bacteria"	"Actinobacteria"	"Actinobacteria"	"Actinomycetales"	"Actinomycetaceae"	"Schaalia"	NA
"946333"	"case"	"Community Acquired Pneumonia"	2.2802317872489	0.526367073907822	0.000136642374109049	"caseCommunity Acquired Pneumonia"	0.00581255637556184	86	35	"Uninfected"	"Bacteria"	"Proteobacteria"	"Betaproteobacteria"	"Burkholderiales"	NA	"Rhizobacter"	"Rhizobacter gummiphilus"
"2116657"	"case"	"Community Acquired Pneumonia"	3.34939113815752	0.783181560249427	0.000133450193051936	"caseCommunity Acquired Pneumonia"	0.00581255637556184	86	39	"Uninfected"	"Bacteria"	"Proteobacteria"	"Betaproteobacteria"	"Burkholderiales"	"Comamonadaceae"	"Pulveribacter"	"Pulveribacter suum"
"1246301"	"case"	"COVID19"	3.17032411687862	0.766413988961424	0.000149057966905232	"caseCOVID19"	0.00610585597767356	86	50	"Uninfected"	"Bacteria"	"Proteobacteria"	"Betaproteobacteria"	"Burkholderiales"	"Comamonadaceae"	"Variovorax"	"Variovorax paradoxus"
"2067957"	"case"	"COVID19"	2.26643126144287	0.566692091616831	0.000206940418729296	"caseCOVID19"	0.00817414653980718	86	54	"Uninfected"	"Bacteria"	"Proteobacteria"	"Alphaproteobacteria"	"Rhizobiales"	"Methylobacteriaceae"	"Methylobacterium"	"Methylobacterium sp. DM1"
"1349819"	"case"	"COVID19"	2.51520813737421	0.603647925247698	0.000230908007636344	"caseCOVID19"	0.00880635367054472	86	34	"Uninfected"	"Bacteria"	"Proteobacteria"	"Alphaproteobacteria"	"Rhizobiales"	"Aurantimonadaceae"	"Aureimonas"	"Aureimonas sp. AU20"
"1243"	"case"	"COVID19"	2.44225705248083	0.613468137763447	0.000260175086204359	"caseCOVID19"	0.00935371807796701	86	46	"Uninfected"	"Bacteria"	"Firmicutes"	"Bacilli"	"Lactobacillales"	"Leuconostocaceae"	"Leuconostoc"	NA
"135727"	"case"	"COVID19"	-2.6378874032741	0.590067463477858	0.000262174738170866	"caseCOVID19"	0.00935371807796701	86	22	"Uninfected"	"Bacteria"	"Tenericutes"	"Mollicutes"	"Acholeplasmatales"	"Acholeplasmataceae"	"Candidatus Phytoplasma"	"Candidatus Phytoplasma ziziphi"
"624"	"case"	"Community Acquired Pneumonia"	1.74315161721045	0.431074919461164	0.000281295084654435	"caseCommunity Acquired Pneumonia"	0.0097222613633689	86	38	"Uninfected"	"Bacteria"	"Proteobacteria"	"Gammaproteobacteria"	"Enterobacterales"	"Enterobacteriaceae"	"Shigella"	"Shigella sonnei"
"1812935"	"case"	"COVID19"	2.79685807073583	0.680014813998501	0.000335768693571991	"caseCOVID19"	0.0112533386391098	86	34	"Uninfected"	"Bacteria"	"Proteobacteria"	"Gammaproteobacteria"	"Enterobacterales"	"Enterobacteriaceae"	"Enterobacter"	"Enterobacter roggenkampii"
"426355"	"case"	"Community Acquired Pneumonia"	2.18770144985956	0.547897447282724	0.000389506846406213	"caseCommunity Acquired Pneumonia"	0.012335302523312	86	34	"Uninfected"	"Bacteria"	"Proteobacteria"	"Alphaproteobacteria"	"Rhizobiales"	"Methylobacteriaceae"	"Methylobacterium"	"Methylobacterium radiotolerans"
"2599600"	"case"	"Community Acquired Pneumonia"	2.34717924368106	0.540227402557284	0.000390357674788356	"caseCommunity Acquired Pneumonia"	0.012335302523312	86	21	"Uninfected"	"Bacteria"	"Proteobacteria"	"Alphaproteobacteria"	"Rhizobiales"	"Phyllobacteriaceae"	"Nitratireductor"	"Nitratireductor sp. SY7"
"32011"	"case"	"Community Acquired Pneumonia"	2.3985312114766	0.609120368694005	0.000420467195753239	"caseCommunity Acquired Pneumonia"	0.0129176866250856	86	38	"Uninfected"	"Bacteria"	"Proteobacteria"	"Betaproteobacteria"	"Nitrosomonadales"	"Methylophilaceae"	NA	NA
"54736"	"case"	"COVID19"	2.56949709990923	0.655850529912691	0.000440964083803919	"caseCOVID19"	0.0131812507212739	86	35	"Uninfected"	"Bacteria"	"Proteobacteria"	"Gammaproteobacteria"	"Enterobacterales"	"Enterobacteriaceae"	"Salmonella"	"Salmonella bongori"
"853"	"case"	"COVID19"	1.96392611162223	0.517253360670762	0.000487691529397221	"caseCOVID19"	0.0138304315772648	86	43	"Uninfected"	"Bacteria"	"Firmicutes"	"Clostridia"	"Clostridiales"	"Ruminococcaceae"	"Faecalibacterium"	"Faecalibacterium prausnitzii"
"2664291"	"case"	"COVID19"	2.74678498254626	0.707240327190128	0.000476610535502418	"caseCOVID19"	0.0138304315772648	86	37	"Uninfected"	"Bacteria"	"Proteobacteria"	"Gammaproteobacteria"	"Enterobacterales"	"Enterobacteriaceae"	"Salmonella"	"Salmonella sp. HNK130"
"748678"	"case"	"COVID19"	2.82623011727045	0.715182645477114	0.000560734747670098	"caseCOVID19"	0.0155043157730782	86	28	"Uninfected"	"Bacteria"	"Proteobacteria"	"Gammaproteobacteria"	"Enterobacterales"	"Yersiniaceae"	"Yersinia"	"Yersinia pestis"
"1768"	"case"	"Community Acquired Pneumonia"	2.46201047152294	0.621242865825254	0.000580782522327551	"caseCommunity Acquired Pneumonia"	0.01566696267547	86	27	"Uninfected"	"Bacteria"	"Actinobacteria"	"Actinobacteria"	"Corynebacteriales"	"Mycobacteriaceae"	"Mycobacterium"	"Mycobacterium kansasii"
"1678128"	"case"	"COVID19"	2.23426291433981	0.60205191936619	0.000678681647069912	"caseCOVID19"	0.0178719500395077	86	40	"Uninfected"	"Bacteria"	"Proteobacteria"	"Betaproteobacteria"	"Burkholderiales"	"Comamonadaceae"	"Limnohabitans"	"Limnohabitans sp. 63ED37-2"
"43662"	"case"	"COVID19"	2.60691962452636	0.69004213983265	0.000930885256668122	"caseCOVID19"	0.0239245554735146	86	27	"Uninfected"	"Bacteria"	"Proteobacteria"	"Gammaproteobacteria"	"Alteromonadales"	"Pseudoalteromonadaceae"	"Pseudoalteromonas"	"Pseudoalteromonas piscicida"
"946483"	"case"	"Community Acquired Pneumonia"	2.99652130527085	0.836093399500046	0.00095179063366604	"caseCommunity Acquired Pneumonia"	0.0239245554735146	86	42	"Uninfected"	"Bacteria"	"Proteobacteria"	"Betaproteobacteria"	"Burkholderiales"	"Comamonadaceae"	"Candidatus Symbiobacter"	"Candidatus Symbiobacter mobilis"
"2603276"	"case"	"Community Acquired Pneumonia"	2.83984007183644	0.805907380247748	0.0010608083793455	"caseCommunity Acquired Pneumonia"	0.0260723126123583	86	44	"Uninfected"	"Bacteria"	"Proteobacteria"	"Alphaproteobacteria"	"Rhizobiales"	"Methylobacteriaceae"	"Methylobacterium"	"Methylobacterium sp. WL1"
"1613"	"case"	"COVID19"	2.40802613527698	0.677238622835243	0.00120323028827934	"caseCOVID19"	0.0283143127412117	86	38	"Uninfected"	"Bacteria"	"Firmicutes"	"Bacilli"	"Lactobacillales"	"Lactobacillaceae"	"Limosilactobacillus"	"Limosilactobacillus fermentum"
"356322"	"case"	"COVID19"	2.01915388565918	0.574918237143359	0.00119000737674614	"caseCOVID19"	0.0283143127412117	86	40	"Uninfected"	"Bacteria"	"Firmicutes"	"Clostridia"	"Clostridiales"	"Heliobacteriaceae"	"Heliorestis"	"Heliorestis convoluta"
"748678"	"case"	"Community Acquired Pneumonia"	2.6010736799324	0.715182645477114	0.00125051799625701	"caseCommunity Acquired Pneumonia"	0.028814018830422	86	28	"Uninfected"	"Bacteria"	"Proteobacteria"	"Gammaproteobacteria"	"Enterobacterales"	"Yersiniaceae"	"Yersinia"	"Yersinia pestis"
"329"	"case"	"COVID19"	1.83667824386138	0.521121200138773	0.00127879368406521	"caseCOVID19"	0.0288642002974718	86	45	"Uninfected"	"Bacteria"	"Proteobacteria"	"Betaproteobacteria"	"Burkholderiales"	"Burkholderiaceae"	"Ralstonia"	"Ralstonia pickettii"
"1697053"	"case"	"Community Acquired Pneumonia"	-3.67389254769977	0.992049693982189	0.00140625347496588	"caseCommunity Acquired Pneumonia"	0.0311063268662452	86	23	"Uninfected"	"Bacteria"	"Proteobacteria"	"Gammaproteobacteria"	"Pseudomonadales"	"Pseudomonadaceae"	"Oblitimonas"	"Oblitimonas alkaliphila"
"1768"	"case"	"COVID19"	2.2325237336437	0.623060655295296	0.00151706848570115	"caseCOVID19"	0.0328995636310876	86	27	"Uninfected"	"Bacteria"	"Actinobacteria"	"Actinobacteria"	"Corynebacteriales"	"Mycobacteriaceae"	"Mycobacterium"	"Mycobacterium kansasii"
"43662"	"case"	"Community Acquired Pneumonia"	2.41131897025957	0.69004213983265	0.00188274717356857	"caseCommunity Acquired Pneumonia"	0.0357479146397169	86	27	"Uninfected"	"Bacteria"	"Proteobacteria"	"Gammaproteobacteria"	"Alteromonadales"	"Pseudoalteromonadaceae"	"Pseudoalteromonas"	"Pseudoalteromonas piscicida"
"742013"	"case"	"COVID19"	2.01199210859233	0.589633807491728	0.00181117879391831	"caseCOVID19"	0.0357479146397169	86	34	"Uninfected"	"Bacteria"	"Proteobacteria"	"Betaproteobacteria"	"Burkholderiales"	"Comamonadaceae"	"Delftia"	"Delftia sp. Cs1-4"
"881260"	"case"	"COVID19"	2.82776895276377	0.826019857730092	0.0016945781428596	"caseCOVID19"	0.0357479146397169	86	36	"Uninfected"	"Bacteria"	"Proteobacteria"	"Gammaproteobacteria"	"Enterobacterales"	"Enterobacteriaceae"	"Enterobacter"	"Enterobacter bugandensis"
"881260"	"case"	"Community Acquired Pneumonia"	2.83263542044506	0.824769954490949	0.00178570359576974	"caseCommunity Acquired Pneumonia"	0.0357479146397169	86	36	"Uninfected"	"Bacteria"	"Proteobacteria"	"Gammaproteobacteria"	"Enterobacterales"	"Enterobacteriaceae"	"Enterobacter"	"Enterobacter bugandensis"
"1219032"	"case"	"COVID19"	2.07563356913468	0.593777380161136	0.00179470426168303	"caseCOVID19"	0.0357479146397169	86	46	"Uninfected"	"Bacteria"	"Proteobacteria"	"Betaproteobacteria"	"Burkholderiales"	"Comamonadaceae"	"Comamonas"	"Comamonas terrigena"
"1246301"	"case"	"Community Acquired Pneumonia"	2.48707128235567	0.746757699489464	0.0017520701203728	"caseCommunity Acquired Pneumonia"	0.0357479146397169	86	50	"Uninfected"	"Bacteria"	"Proteobacteria"	"Betaproteobacteria"	"Burkholderiales"	"Comamonadaceae"	"Variovorax"	"Variovorax paradoxus"
"1528098"	"case"	"COVID19"	-1.89448793059962	0.512273862417533	0.00187011098142474	"caseCOVID19"	0.0357479146397169	86	20	"Uninfected"	"Bacteria"	"Proteobacteria"	"Alphaproteobacteria"	"Rickettsiales"	NA	NA	"Rickettsiales bacterium Ac37b"
"2509614"	"case"	"Community Acquired Pneumonia"	2.63347747507181	0.790861610743868	0.00190698640483119	"caseCommunity Acquired Pneumonia"	0.0357479146397169	86	42	"Uninfected"	"Bacteria"	"Proteobacteria"	"Betaproteobacteria"	"Burkholderiales"	"Comamonadaceae"	"Rhodoferax"	"Rhodoferax sediminis"
"2587161"	"case"	"COVID19"	1.80242631400316	0.531380758844265	0.00202237888885581	"caseCOVID19"	0.0372791841845754	86	32	"Uninfected"	"Bacteria"	"Firmicutes"	"Clostridia"	"Clostridiales"	"Clostridiaceae"	"Clostridium"	"Clostridium thermarum"
"413882"	"case"	"Community Acquired Pneumonia"	2.35189574583707	0.70993983329667	0.00219894844223296	"caseCommunity Acquired Pneumonia"	0.0398694586411418	86	37	"Uninfected"	"Bacteria"	"Proteobacteria"	"Betaproteobacteria"	"Burkholderiales"	NA	NA	"[Polyangium] brachysporum"
"85015"	"case"	"Community Acquired Pneumonia"	1.86077135316692	0.575222896002638	0.00232392468190296	"caseCommunity Acquired Pneumonia"	0.041455817712656	86	47	"Uninfected"	"Bacteria"	"Actinobacteria"	"Actinobacteria"	"Propionibacteriales"	"Nocardioidaceae"	NA	NA
"1678128"	"case"	"Community Acquired Pneumonia"	1.79708611758987	0.552195858071022	0.00245003768022252	"caseCommunity Acquired Pneumonia"	0.0430117726083509	86	40	"Uninfected"	"Bacteria"	"Proteobacteria"	"Betaproteobacteria"	"Burkholderiales"	"Comamonadaceae"	"Limnohabitans"	"Limnohabitans sp. 63ED37-2"
"573061"	"case"	"COVID19"	2.11790524900377	0.623279312925247	0.00258359290058634	"caseCOVID19"	0.0446477148132578	86	25	"Uninfected"	"Bacteria"	"Firmicutes"	"Clostridia"	"Clostridiales"	"Clostridiaceae"	"Clostridium"	"Clostridium cellulovorans"
"2057025"	"case"	"COVID19"	1.79163471909547	0.555717931112345	0.00273700115935289	"caseCOVID19"	0.046571127419143	86	38	"Uninfected"	"Bacteria"	"Bacteroidetes"	"Cytophagia"	"Cytophagales"	"Cytophagaceae"	"Spirosoma"	"Spirosoma pollinicola"
"13689"	"case"	"COVID19"	-3.18079734033243	0.95261852869842	0.00288997792848651	"caseCOVID19"	0.0471191712000476	86	26	"Uninfected"	"Bacteria"	"Proteobacteria"	"Alphaproteobacteria"	"Sphingomonadales"	"Sphingomonadaceae"	"Sphingomonas"	"Sphingomonas paucimobilis"
"946333"	"case"	"COVID19"	1.57937932079854	0.490516800085469	0.00293962279638634	"caseCOVID19"	0.0471191712000476	86	35	"Uninfected"	"Bacteria"	"Proteobacteria"	"Betaproteobacteria"	"Burkholderiales"	NA	"Rhizobacter"	"Rhizobacter gummiphilus"
"2486578"	"case"	"Community Acquired Pneumonia"	2.55566783682213	0.718955389775828	0.00292588421223556	"caseCommunity Acquired Pneumonia"	0.0471191712000476	86	19	"Uninfected"	"Bacteria"	"Proteobacteria"	"Alphaproteobacteria"	"Rickettsiales"	NA	NA	"Rickettsiales endosymbiont of Stachyamoeba lipophora"
"2697032"	"case"	"Community Acquired Pneumonia"	2.83816358987517	0.855875234862716	0.00288165852701186	"caseCommunity Acquired Pneumonia"	0.0471191712000476	86	46	"Uninfected"	"Bacteria"	"Proteobacteria"	"Betaproteobacteria"	"Burkholderiales"	NA	"Xylophilus"	"Xylophilus sp. KACC 21265"
"54736"	"case"	"Community Acquired Pneumonia"	2.20903398149928	0.690575308315381	0.00310600991128711	"caseCommunity Acquired Pneumonia"	0.0490749565983363	86	35	"Uninfected"	"Bacteria"	"Proteobacteria"	"Gammaproteobacteria"	"Enterobacterales"	"Enterobacteriaceae"	"Salmonella"	"Salmonella bongori"
"1360"	"case"	"Community Acquired Pneumonia"	-5.07529061834537	0.680751711060585	6.36892058235182e-07	"caseCommunity Acquired Pneumonia"	0.000234800872136037	86	23	"COVID19"	"Bacteria"	"Firmicutes"	"Bacilli"	"Lactobacillales"	"Streptococcaceae"	"Lactococcus"	"Lactococcus lactis"
"32011"	"case"	"Uninfected"	-4.15771439635047	0.664398718955978	4.30701724242993e-07	"caseUninfected"	0.000234800872136037	86	38	"COVID19"	"Bacteria"	"Proteobacteria"	"Betaproteobacteria"	"Nitrosomonadales"	"Methylophilaceae"	NA	NA
"2126319"	"case"	"Uninfected"	-4.132007870045	0.695581917504474	3.34693761671548e-07	"caseUninfected"	0.000234800872136037	86	50	"COVID19"	"Bacteria"	"Proteobacteria"	"Betaproteobacteria"	"Burkholderiales"	"Comamonadaceae"	"Variovorax"	"Variovorax sp. PMC12"
"93973"	"case"	"Uninfected"	-2.08177029934335	0.330996220868878	1.69189549026447e-06	"caseUninfected"	0.000467809103058127	86	31	"COVID19"	"Bacteria"	"Proteobacteria"	"Gammaproteobacteria"	"Alteromonadales"	"Shewanellaceae"	"Shewanella"	"Shewanella japonica"
"34072"	"case"	"Uninfected"	-2.95639325277122	0.577032654520286	4.46587570837531e-06	"caseUninfected"	0.00095128664356599	86	55	"COVID19"	"Bacteria"	"Proteobacteria"	"Betaproteobacteria"	"Burkholderiales"	"Comamonadaceae"	"Variovorax"	NA
"436515"	"case"	"Uninfected"	-3.92004377077754	0.744126572453182	6.0208015415569e-06	"caseUninfected"	0.00095128664356599	86	41	"COVID19"	"Bacteria"	"Proteobacteria"	"Betaproteobacteria"	"Burkholderiales"	"Comamonadaceae"	"Variovorax"	"Variovorax boronicumulans"
"663243"	"case"	"Uninfected"	-2.99247795904939	0.589511963047031	5.71042906714197e-06	"caseUninfected"	0.00095128664356599	86	53	"COVID19"	"Bacteria"	"Proteobacteria"	"Betaproteobacteria"	"Burkholderiales"	"Comamonadaceae"	"Variovorax"	NA
"2303331"	"case"	"Uninfected"	-2.39122170707707	0.445035892398738	6.98353625026344e-06	"caseUninfected"	0.00096547388659892	86	36	"COVID19"	"Bacteria"	"Proteobacteria"	"Gammaproteobacteria"	"Nevskiales"	"Sinobacteraceae"	"Solimonas"	"Solimonas sp. K1W22B-7"
"1360"	"case"	"Uninfected"	-2.97130310741055	0.508242003711468	1.13098024663306e-05	"caseUninfected"	0.00138984905864019	86	23	"COVID19"	"Bacteria"	"Firmicutes"	"Bacilli"	"Lactobacillales"	"Streptococcaceae"	"Lactococcus"	"Lactococcus lactis"
"338969"	"case"	"Uninfected"	-3.05193417686397	0.638242501851567	3.28934135089276e-05	"caseUninfected"	0.00331752888721614	86	37	"COVID19"	"Bacteria"	"Proteobacteria"	"Betaproteobacteria"	"Burkholderiales"	"Comamonadaceae"	"Rhodoferax"	"Rhodoferax ferrireducens"
"2696063"	"case"	"Community Acquired Pneumonia"	-3.37415043304394	0.708749303323205	3.29953144298169e-05	"caseCommunity Acquired Pneumonia"	0.00331752888721614	86	38	"COVID19"	"Bacteria"	"Firmicutes"	"Clostridia"	"Clostridiales"	"Lachnospiraceae"	"Anaerocolumna"	"Anaerocolumna sp. CBA3638"
"1813871"	"case"	"Uninfected"	-2.58943710410223	0.570265795403435	4.93678120501316e-05	"caseUninfected"	0.00443217957508692	86	44	"COVID19"	"Bacteria"	"Bacteroidetes"	"Chitinophagia"	"Chitinophagales"	"Chitinophagaceae"	"Panacibacter"	"Panacibacter ginsenosidivorans"
"2509614"	"case"	"Community Acquired Pneumonia"	2.3384588893323	0.514571395618408	5.20961432876401e-05	"caseCommunity Acquired Pneumonia"	0.00443217957508692	86	42	"COVID19"	"Bacteria"	"Proteobacteria"	"Betaproteobacteria"	"Burkholderiales"	"Comamonadaceae"	"Rhodoferax"	"Rhodoferax sediminis"
"624"	"case"	"Uninfected"	-2.02393718615539	0.444612816137289	6.17032854643973e-05	"caseUninfected"	0.00487455955168738	86	38	"COVID19"	"Bacteria"	"Proteobacteria"	"Gammaproteobacteria"	"Enterobacterales"	"Enterobacteriaceae"	"Shigella"	"Shigella sonnei"
"1528098"	"case"	"Community Acquired Pneumonia"	2.87860063095671	0.54462460009087	6.79559767899813e-05	"caseCommunity Acquired Pneumonia"	0.00501062068864795	86	20	"COVID19"	"Bacteria"	"Proteobacteria"	"Alphaproteobacteria"	"Rickettsiales"	NA	NA	"Rickettsiales bacterium Ac37b"
"2529408"	"case"	"Uninfected"	-2.23938954026316	0.490656514149365	0.000109510825119029	"caseUninfected"	0.00756993578635285	86	45	"COVID19"	"Bacteria"	"Actinobacteria"	"Actinobacteria"	"Actinomycetales"	"Actinomycetaceae"	"Schaalia"	NA
"402626"	"case"	"Community Acquired Pneumonia"	2.53526589828177	0.591303335174865	0.000129338928071036	"caseCommunity Acquired Pneumonia"	0.00841463849685683	86	39	"COVID19"	"Bacteria"	"Proteobacteria"	"Betaproteobacteria"	"Burkholderiales"	"Burkholderiaceae"	"Ralstonia"	"Ralstonia pickettii"
"1246301"	"case"	"Uninfected"	-3.17032411688068	0.766413988961241	0.000149057966914579	"caseUninfected"	0.00915878396708466	86	50	"COVID19"	"Bacteria"	"Proteobacteria"	"Betaproteobacteria"	"Burkholderiales"	"Comamonadaceae"	"Variovorax"	"Variovorax paradoxus"
"2603276"	"case"	"Community Acquired Pneumonia"	2.55050919351367	0.612767901932725	0.000157486644670668	"caseCommunity Acquired Pneumonia"	0.00916738047398733	86	44	"COVID19"	"Bacteria"	"Proteobacteria"	"Alphaproteobacteria"	"Rhizobiales"	"Methylobacteriaceae"	"Methylobacterium"	"Methylobacterium sp. WL1"
"742013"	"case"	"Community Acquired Pneumonia"	-2.20390315714669	0.514674581930641	0.000165809291230609	"caseCommunity Acquired Pneumonia"	0.00916925380505266	86	34	"COVID19"	"Bacteria"	"Proteobacteria"	"Betaproteobacteria"	"Burkholderiales"	"Comamonadaceae"	"Delftia"	"Delftia sp. Cs1-4"
"573061"	"case"	"Community Acquired Pneumonia"	-3.28636007852292	0.729109213172765	0.000174701856818571	"caseCommunity Acquired Pneumonia"	0.0092009644591114	86	25	"COVID19"	"Bacteria"	"Firmicutes"	"Clostridia"	"Clostridiales"	"Clostridiaceae"	"Clostridium"	"Clostridium cellulovorans"
"1229205"	"case"	"Community Acquired Pneumonia"	2.3547109813731	0.546706198278489	0.000224445534969713	"caseCommunity Acquired Pneumonia"	0.0102153702611614	86	28	"COVID19"	"Bacteria"	"Proteobacteria"	"Betaproteobacteria"	"Burkholderiales"	"Burkholderiaceae"	"Paraburkholderia"	"Paraburkholderia phenoliruptrix"
"1349819"	"case"	"Uninfected"	-2.51520813731359	0.603647925249764	0.000230908007711604	"caseUninfected"	0.0102153702611614	86	34	"COVID19"	"Bacteria"	"Proteobacteria"	"Alphaproteobacteria"	"Rhizobiales"	"Aurantimonadaceae"	"Aureimonas"	"Aureimonas sp. AU20"
"1849491"	"case"	"Community Acquired Pneumonia"	-2.47705171796883	0.597517126543223	0.000214038245048477	"caseCommunity Acquired Pneumonia"	0.0102153702611614	86	37	"COVID19"	"Bacteria"	"Firmicutes"	"Bacilli"	"Bacillales"	"Staphylococcaceae"	"Auricoccus"	"Auricoccus indicus"
"2067957"	"case"	"Uninfected"	-2.26643126131362	0.566692091620815	0.000206940418900455	"caseUninfected"	0.0102153702611614	86	54	"COVID19"	"Bacteria"	"Proteobacteria"	"Alphaproteobacteria"	"Rhizobiales"	"Methylobacteriaceae"	"Methylobacterium"	"Methylobacterium sp. DM1"
"1243"	"case"	"Uninfected"	-2.44225705249943	0.613468137763169	0.000260175086180718	"caseUninfected"	0.0107394540895177	86	46	"COVID19"	"Bacteria"	"Firmicutes"	"Bacilli"	"Lactobacillales"	"Leuconostocaceae"	"Leuconostoc"	NA
"135727"	"case"	"Uninfected"	2.6378874032741	0.590067463477858	0.000262174738170866	"caseUninfected"	0.0107394540895177	86	22	"COVID19"	"Bacteria"	"Tenericutes"	"Mollicutes"	"Acholeplasmatales"	"Acholeplasmataceae"	"Candidatus Phytoplasma"	"Candidatus Phytoplasma ziziphi"
"2202826"	"case"	"Community Acquired Pneumonia"	1.69238403766377	0.427234980621263	0.000316744277609983	"caseCommunity Acquired Pneumonia"	0.0125113989655943	86	41	"COVID19"	"Bacteria"	"Proteobacteria"	"Alphaproteobacteria"	"Rhizobiales"	"Methylobacteriaceae"	"Methylobacterium"	"Methylobacterium sp. 17Sr1-1"
"1812935"	"case"	"Uninfected"	-2.79685807073615	0.680014813998983	0.000335768693604458	"caseUninfected"	0.0128055232802252	86	34	"COVID19"	"Bacteria"	"Proteobacteria"	"Gammaproteobacteria"	"Enterobacterales"	"Enterobacteriaceae"	"Enterobacter"	"Enterobacter roggenkampii"
"54736"	"case"	"Uninfected"	-2.56949709990923	0.655850529912691	0.000440964083803921	"caseUninfected"	0.0162568758895712	86	35	"COVID19"	"Bacteria"	"Proteobacteria"	"Gammaproteobacteria"	"Enterobacterales"	"Enterobacteriaceae"	"Salmonella"	"Salmonella bongori"
"853"	"case"	"Uninfected"	-1.96392611162223	0.517253360670762	0.000487691529397222	"caseUninfected"	0.0168558384847915	86	43	"COVID19"	"Bacteria"	"Firmicutes"	"Clostridia"	"Clostridiales"	"Ruminococcaceae"	"Faecalibacterium"	"Faecalibacterium prausnitzii"
"2664291"	"case"	"Uninfected"	-2.74678498254534	0.707240327189893	0.000476610535308089	"caseUninfected"	0.0168558384847915	86	37	"COVID19"	"Bacteria"	"Proteobacteria"	"Gammaproteobacteria"	"Enterobacterales"	"Enterobacteriaceae"	"Salmonella"	"Salmonella sp. HNK130"
"748678"	"case"	"Uninfected"	-2.82623011727045	0.715182645477114	0.000560734747679627	"caseUninfected"	0.018793110028293	86	28	"COVID19"	"Bacteria"	"Proteobacteria"	"Gammaproteobacteria"	"Enterobacterales"	"Yersiniaceae"	"Yersinia"	"Yersinia pestis"
"2638319"	"case"	"Community Acquired Pneumonia"	1.63527265749645	0.436126912478873	0.000589179604486114	"caseCommunity Acquired Pneumonia"	0.0191656659576954	86	41	"COVID19"	"Bacteria"	"Proteobacteria"	"Betaproteobacteria"	"Burkholderiales"	"Comamonadaceae"	"Polaromonas"	NA
"1678128"	"case"	"Uninfected"	-2.2342629141174	0.60205191936194	0.000678681647757944	"caseUninfected"	0.021446340069151	86	40	"COVID19"	"Bacteria"	"Proteobacteria"	"Betaproteobacteria"	"Burkholderiales"	"Comamonadaceae"	"Limnohabitans"	"Limnohabitans sp. 63ED37-2"
"13689"	"case"	"Community Acquired Pneumonia"	3.74316408116788	0.958582452152809	0.000741478068484396	"caseCommunity Acquired Pneumonia"	0.0227260847259676	86	26	"COVID19"	"Bacteria"	"Proteobacteria"	"Alphaproteobacteria"	"Sphingomonadales"	"Sphingomonadaceae"	"Sphingomonas"	"Sphingomonas paucimobilis"
"231049"	"case"	"Community Acquired Pneumonia"	-2.80319207328061	0.722227830777275	0.000760275890470886	"caseCommunity Acquired Pneumonia"	0.0227260847259676	86	26	"COVID19"	"Bacteria"	"Firmicutes"	"Bacilli"	"Lactobacillales"	"Lactobacillaceae"	"Furfurilactobacillus"	"Lactobacillus rossiae"
"766"	"case"	"Community Acquired Pneumonia"	2.00820667554258	0.538121728566277	0.000793272747949655	"caseCommunity Acquired Pneumonia"	0.023088412085061	86	33	"COVID19"	"Bacteria"	"Proteobacteria"	"Alphaproteobacteria"	"Rickettsiales"	NA	NA	NA
"1660"	"case"	"Community Acquired Pneumonia"	-1.74749860910173	0.488680809679348	0.000851565519531356	"caseCommunity Acquired Pneumonia"	0.0240726299258577	86	55	"COVID19"	"Bacteria"	"Actinobacteria"	"Actinobacteria"	"Actinomycetales"	"Actinomycetaceae"	"Schaalia"	"Schaalia odontolytica"
"28188"	"case"	"Community Acquired Pneumonia"	-3.0628452550454	0.806255270300149	0.000874557405220591	"caseCommunity Acquired Pneumonia"	0.0240726299258577	86	27	"COVID19"	"Bacteria"	"Bacteroidetes"	"Flavobacteriia"	"Flavobacteriales"	"Flavobacteriaceae"	"Capnocytophaga"	"Capnocytophaga canimorsus"
"159087"	"case"	"Community Acquired Pneumonia"	-3.61738652882075	0.953106336000086	0.000892385015334689	"caseCommunity Acquired Pneumonia"	0.0240726299258577	86	27	"COVID19"	"Bacteria"	"Proteobacteria"	"Betaproteobacteria"	"Rhodocyclales"	"Azonexaceae"	"Dechloromonas"	"Dechloromonas aromatica"
"43662"	"case"	"Uninfected"	-2.60691962442763	0.690042139838165	0.000930885257067437	"caseUninfected"	0.0245133117694425	86	27	"COVID19"	"Bacteria"	"Proteobacteria"	"Gammaproteobacteria"	"Alteromonadales"	"Pseudoalteromonadaceae"	"Pseudoalteromonas"	"Pseudoalteromonas piscicida"
"1613"	"case"	"Uninfected"	-2.40802613527444	0.677238622836242	0.00120323028831952	"caseUninfected"	0.0302448340654862	86	38	"COVID19"	"Bacteria"	"Firmicutes"	"Bacilli"	"Lactobacillales"	"Lactobacillaceae"	"Limosilactobacillus"	"Limosilactobacillus fermentum"
"356322"	"case"	"Uninfected"	-2.01915388565918	0.57491823714336	0.00119000737674615	"caseUninfected"	0.0302448340654862	86	40	"COVID19"	"Bacteria"	"Firmicutes"	"Clostridia"	"Clostridiales"	"Heliobacteriaceae"	"Heliorestis"	"Heliorestis convoluta"
"329"	"case"	"Uninfected"	-1.83667824365907	0.521121200119584	0.00127879368536866	"caseUninfected"	0.0314299070226163	86	45	"COVID19"	"Bacteria"	"Proteobacteria"	"Betaproteobacteria"	"Burkholderiales"	"Burkholderiaceae"	"Ralstonia"	"Ralstonia pickettii"
"1123519"	"case"	"Community Acquired Pneumonia"	2.49587703006104	0.686348782345145	0.00132165242980102	"caseCommunity Acquired Pneumonia"	0.0317771214643462	86	28	"COVID19"	"Bacteria"	"Proteobacteria"	"Gammaproteobacteria"	"Pseudomonadales"	"Pseudomonadaceae"	"Pseudomonas"	"Pseudomonas stutzeri"
"1768"	"case"	"Uninfected"	-2.2325237336437	0.623060655295296	0.00151706848561992	"caseUninfected"	0.0356995264913965	86	27	"COVID19"	"Bacteria"	"Actinobacteria"	"Actinobacteria"	"Corynebacteriales"	"Mycobacteriaceae"	"Mycobacterium"	"Mycobacterium kansasii"
"2057025"	"case"	"Community Acquired Pneumonia"	-2.05366540571797	0.598710776114365	0.00156297271256764	"caseCommunity Acquired Pneumonia"	0.0360134962520793	86	38	"COVID19"	"Bacteria"	"Bacteroidetes"	"Cytophagia"	"Cytophagales"	"Cytophagaceae"	"Spirosoma"	"Spirosoma pollinicola"
"1392005"	"case"	"Community Acquired Pneumonia"	1.39552408583977	0.41557830758703	0.00160956253666883	"caseCommunity Acquired Pneumonia"	0.036330125827668	86	48	"COVID19"	"Bacteria"	"Proteobacteria"	"Betaproteobacteria"	"Burkholderiales"	"Comamonadaceae"	"Comamonas"	"Comamonas testosteroni"
"881260"	"case"	"Uninfected"	-2.82776895282319	0.826019858834245	0.00169457815989342	"caseUninfected"	0.0374840688968424	86	36	"COVID19"	"Bacteria"	"Proteobacteria"	"Gammaproteobacteria"	"Enterobacterales"	"Enterobacteriaceae"	"Enterobacter"	"Enterobacter bugandensis"
"742013"	"case"	"Uninfected"	-2.01199210859233	0.589633807491728	0.00181117879391805	"caseUninfected"	0.0385223797321801	86	34	"COVID19"	"Bacteria"	"Proteobacteria"	"Betaproteobacteria"	"Burkholderiales"	"Comamonadaceae"	"Delftia"	"Delftia sp. Cs1-4"
"1219032"	"case"	"Uninfected"	-2.07563357123413	0.593777381293912	0.00179470428601799	"caseUninfected"	0.0385223797321801	86	46	"COVID19"	"Bacteria"	"Proteobacteria"	"Betaproteobacteria"	"Burkholderiales"	"Comamonadaceae"	"Comamonas"	"Comamonas terrigena"
"186801"	"case"	"Community Acquired Pneumonia"	-1.72693313613014	0.520555366046329	0.00188197169919832	"caseCommunity Acquired Pneumonia"	0.0385455685058026	86	45	"COVID19"	"Bacteria"	"Firmicutes"	"Clostridia"	NA	NA	NA	NA
"1528098"	"case"	"Uninfected"	1.89448793144418	0.512273862558439	0.00187011097918876	"caseUninfected"	0.0385455685058026	86	20	"COVID19"	"Bacteria"	"Proteobacteria"	"Alphaproteobacteria"	"Rickettsiales"	NA	NA	"Rickettsiales bacterium Ac37b"
"2587161"	"case"	"Uninfected"	-1.80242631400316	0.531380758844265	0.0020223788888339	"caseUninfected"	0.0406682009281871	86	32	"COVID19"	"Bacteria"	"Firmicutes"	"Clostridia"	"Clostridiales"	"Clostridiaceae"	"Clostridium"	"Clostridium thermarum"
"1844971"	"case"	"Community Acquired Pneumonia"	1.44125694432617	0.436859691292162	0.00223504844214146	"caseCommunity Acquired Pneumonia"	0.0441422067322939	86	38	"COVID19"	"Bacteria"	"Proteobacteria"	"Betaproteobacteria"	"Burkholderiales"	"Comamonadaceae"	"Curvibacter"	"Curvibacter sp. AEP1-3"
"1599"	"case"	"Community Acquired Pneumonia"	-2.49846614768009	0.750251040632382	0.00252483381814204	"caseCommunity Acquired Pneumonia"	0.0484314194588571	86	30	"COVID19"	"Bacteria"	"Firmicutes"	"Bacilli"	"Lactobacillales"	"Lactobacillaceae"	"Lactobacillus"	"Lactobacillus sakei"
"46170"	"case"	"Community Acquired Pneumonia"	-1.57784043380934	0.496869742414041	0.00256428295565695	"caseCommunity Acquired Pneumonia"	0.0484314194588571	86	54	"COVID19"	"Bacteria"	"Firmicutes"	"Bacilli"	"Bacillales"	"Staphylococcaceae"	"Staphylococcus"	"Staphylococcus aureus"
"573061"	"case"	"Uninfected"	-2.11790524900377	0.623279312925247	0.00258359290060811	"caseUninfected"	0.0484314194588571	86	25	"COVID19"	"Bacteria"	"Firmicutes"	"Clostridia"	"Clostridiales"	"Clostridiaceae"	"Clostridium"	"Clostridium cellulovorans"
"1360"	"case"	"COVID19"	5.07529061834326	0.680751711061301	6.36892058759634e-07	"caseCOVID19"	0.000234800872329385	86	23	"Community Acquired Pneumonia"	"Bacteria"	"Firmicutes"	"Bacilli"	"Lactobacillales"	"Streptococcaceae"	"Lactococcus"	"Lactococcus lactis"
"34072"	"case"	"Uninfected"	-3.34790597913716	0.572727013874338	3.55380888923346e-07	"caseUninfected"	0.000234800872329385	86	55	"Community Acquired Pneumonia"	"Bacteria"	"Proteobacteria"	"Betaproteobacteria"	"Burkholderiales"	"Comamonadaceae"	"Variovorax"	NA
"2126319"	"case"	"Uninfected"	-4.06192885944391	0.701614097688079	6.1988125730049e-07	"caseUninfected"	0.000234800872329385	86	50	"Community Acquired Pneumonia"	"Bacteria"	"Proteobacteria"	"Betaproteobacteria"	"Burkholderiales"	"Comamonadaceae"	"Variovorax"	"Variovorax sp. PMC12"
"663243"	"case"	"Uninfected"	-3.10993803473871	0.585365492890599	2.5738237510399e-06	"caseUninfected"	0.000711662267162533	86	53	"Community Acquired Pneumonia"	"Bacteria"	"Proteobacteria"	"Betaproteobacteria"	"Burkholderiales"	"Comamonadaceae"	"Variovorax"	NA
"436515"	"case"	"Uninfected"	-3.79802530956199	0.742437753497306	1.01313611085117e-05	"caseUninfected"	0.00224105707720279	86	41	"Community Acquired Pneumonia"	"Bacteria"	"Proteobacteria"	"Betaproteobacteria"	"Burkholderiales"	"Comamonadaceae"	"Variovorax"	"Variovorax boronicumulans"
"2696063"	"case"	"COVID19"	3.37415043304213	0.708749303323181	3.29953144303954e-05	"caseCOVID19"	0.00608213629333622	86	38	"Community Acquired Pneumonia"	"Bacteria"	"Firmicutes"	"Clostridia"	"Clostridiales"	"Lachnospiraceae"	"Anaerocolumna"	"Anaerocolumna sp. CBA3638"
"964"	"case"	"Uninfected"	-2.63608120889072	0.562536439810636	6.02857593107887e-05	"caseUninfected"	0.00666760497977323	86	34	"Community Acquired Pneumonia"	"Bacteria"	"Proteobacteria"	"Betaproteobacteria"	"Burkholderiales"	"Oxalobacteraceae"	"Herbaspirillum"	"Herbaspirillum seropedicae"
"93973"	"case"	"Uninfected"	-1.59479945277211	0.303792090904939	4.78673806711647e-05	"caseUninfected"	0.00666760497977323	86	31	"Community Acquired Pneumonia"	"Bacteria"	"Proteobacteria"	"Gammaproteobacteria"	"Alteromonadales"	"Shewanellaceae"	"Shewanella"	"Shewanella japonica"
"2202826"	"case"	"Uninfected"	-2.09869609990042	0.462952729540494	5.63749925877047e-05	"caseUninfected"	0.00666760497977323	86	41	"Community Acquired Pneumonia"	"Bacteria"	"Proteobacteria"	"Alphaproteobacteria"	"Rhizobiales"	"Methylobacteriaceae"	"Methylobacterium"	"Methylobacterium sp. 17Sr1-1"
"2509614"	"case"	"COVID19"	-2.3384588893323	0.514571395618408	5.20961432876226e-05	"caseCOVID19"	0.00666760497977323	86	42	"Community Acquired Pneumonia"	"Bacteria"	"Proteobacteria"	"Betaproteobacteria"	"Burkholderiales"	"Comamonadaceae"	"Rhodoferax"	"Rhodoferax sediminis"
"1528098"	"case"	"COVID19"	-2.87860062984817	0.544624599885581	6.7955976734772e-05	"caseCOVID19"	0.00683266456987798	86	20	"Community Acquired Pneumonia"	"Bacteria"	"Proteobacteria"	"Alphaproteobacteria"	"Rickettsiales"	NA	NA	"Rickettsiales bacterium Ac37b"
"329"	"case"	"Uninfected"	-2.21508826753344	0.51042988630204	0.00010901353078639	"caseUninfected"	0.00771684372734976	86	45	"Community Acquired Pneumonia"	"Bacteria"	"Proteobacteria"	"Betaproteobacteria"	"Burkholderiales"	"Burkholderiaceae"	"Ralstonia"	"Ralstonia pickettii"
"338969"	"case"	"Uninfected"	-2.8694299206711	0.648390077661436	9.41971254267092e-05	"caseUninfected"	0.00771684372734976	86	37	"Community Acquired Pneumonia"	"Bacteria"	"Proteobacteria"	"Betaproteobacteria"	"Burkholderiales"	"Comamonadaceae"	"Rhodoferax"	"Rhodoferax ferrireducens"
"908290"	"case"	"Uninfected"	-2.7166399550379	0.59242655076948	8.60438023910486e-05	"caseUninfected"	0.00771684372734976	86	31	"Community Acquired Pneumonia"	"Bacteria"	"Proteobacteria"	"Alphaproteobacteria"	"Rhizobiales"	"Methylobacteriaceae"	"Methylobacterium"	"Methylobacterium mesophilicum"
"2014887"	"case"	"Uninfected"	-3.77867963437572	0.79760146029958	0.000111636075621696	"caseUninfected"	0.00771684372734976	86	24	"Community Acquired Pneumonia"	"Bacteria"	"Proteobacteria"	"Betaproteobacteria"	"Burkholderiales"	"Oxalobacteraceae"	"Herbaspirillum"	"Herbaspirillum robiniae"
"2067957"	"case"	"Uninfected"	-2.26434839922421	0.535281182091923	0.000100098902704901	"caseUninfected"	0.00771684372734976	86	54	"Community Acquired Pneumonia"	"Bacteria"	"Proteobacteria"	"Alphaproteobacteria"	"Rhizobiales"	"Methylobacteriaceae"	"Methylobacterium"	"Methylobacterium sp. DM1"
"402626"	"case"	"COVID19"	-2.5352658979851	0.591303335172135	0.000129338928264729	"caseCOVID19"	0.00795402451392672	86	39	"Community Acquired Pneumonia"	"Bacteria"	"Proteobacteria"	"Betaproteobacteria"	"Burkholderiales"	"Burkholderiaceae"	"Ralstonia"	"Ralstonia pickettii"
"946333"	"case"	"Uninfected"	-2.2802317872489	0.526367073907822	0.000136642374109049	"caseUninfected"	0.00795402451392672	86	35	"Community Acquired Pneumonia"	"Bacteria"	"Proteobacteria"	"Betaproteobacteria"	"Burkholderiales"	NA	"Rhizobacter"	"Rhizobacter gummiphilus"
"2116657"	"case"	"Uninfected"	-3.34939113815751	0.783181560249427	0.000133450193051967	"caseUninfected"	0.00795402451392672	86	39	"Community Acquired Pneumonia"	"Bacteria"	"Proteobacteria"	"Betaproteobacteria"	"Burkholderiales"	"Comamonadaceae"	"Pulveribacter"	"Pulveribacter suum"
"2603276"	"case"	"COVID19"	-2.55050919351367	0.612767901932725	0.000157486644670667	"caseCOVID19"	0.00870901145028788	86	44	"Community Acquired Pneumonia"	"Bacteria"	"Proteobacteria"	"Alphaproteobacteria"	"Rhizobiales"	"Methylobacteriaceae"	"Methylobacterium"	"Methylobacterium sp. WL1"
"742013"	"case"	"COVID19"	2.20390315714669	0.514674581930641	0.000165809291233864	"caseCOVID19"	0.00873262267165019	86	34	"Community Acquired Pneumonia"	"Bacteria"	"Proteobacteria"	"Betaproteobacteria"	"Burkholderiales"	"Comamonadaceae"	"Delftia"	"Delftia sp. Cs1-4"
"573061"	"case"	"COVID19"	3.28636007852292	0.729109213172765	0.00017470185681929	"caseCOVID19"	0.00878273880191522	86	25	"Community Acquired Pneumonia"	"Bacteria"	"Firmicutes"	"Clostridia"	"Clostridiales"	"Clostridiaceae"	"Clostridium"	"Clostridium cellulovorans"
"1849491"	"case"	"COVID19"	2.47705171796927	0.597517126543212	0.000214038245041085	"caseCOVID19"	0.01029244778328	86	37	"Community Acquired Pneumonia"	"Bacteria"	"Firmicutes"	"Bacilli"	"Bacillales"	"Staphylococcaceae"	"Auricoccus"	"Auricoccus indicus"
"1229205"	"case"	"COVID19"	-2.3547109813731	0.546706198278489	0.000224445534970431	"caseCOVID19"	0.0103431984032207	86	28	"Community Acquired Pneumonia"	"Bacteria"	"Proteobacteria"	"Betaproteobacteria"	"Burkholderiales"	"Burkholderiaceae"	"Paraburkholderia"	"Paraburkholderia phenoliruptrix"
"624"	"case"	"Uninfected"	-1.74315161720719	0.43107491946033	0.000281295084655284	"caseUninfected"	0.0124444945451498	86	38	"Community Acquired Pneumonia"	"Bacteria"	"Proteobacteria"	"Gammaproteobacteria"	"Enterobacterales"	"Enterobacteriaceae"	"Shigella"	"Shigella sonnei"
"2202826"	"case"	"COVID19"	-1.69238403766377	0.427234980621263	0.000316744277611146	"caseCOVID19"	0.0134738142706895	86	41	"Community Acquired Pneumonia"	"Bacteria"	"Proteobacteria"	"Alphaproteobacteria"	"Rhizobiales"	"Methylobacteriaceae"	"Methylobacterium"	"Methylobacterium sp. 17Sr1-1"
"426355"	"case"	"Uninfected"	-2.18770144517664	0.547897447824397	0.000389506860055946	"caseUninfected"	0.0154191281543836	86	34	"Community Acquired Pneumonia"	"Bacteria"	"Proteobacteria"	"Alphaproteobacteria"	"Rhizobiales"	"Methylobacteriaceae"	"Methylobacterium"	"Methylobacterium radiotolerans"
"2599600"	"case"	"Uninfected"	-2.34717924368106	0.540227402557284	0.000390357674794522	"caseUninfected"	0.0154191281543836	86	21	"Community Acquired Pneumonia"	"Bacteria"	"Proteobacteria"	"Alphaproteobacteria"	"Rhizobiales"	"Phyllobacteriaceae"	"Nitratireductor"	"Nitratireductor sp. SY7"
"32011"	"case"	"Uninfected"	-2.39853121121192	0.609120368744839	0.000420467196653212	"caseUninfected"	0.0160357489482225	86	38	"Community Acquired Pneumonia"	"Bacteria"	"Proteobacteria"	"Betaproteobacteria"	"Nitrosomonadales"	"Methylophilaceae"	NA	NA
"1768"	"case"	"Uninfected"	-2.4620104715308	0.621242865824818	0.000580782522356633	"caseUninfected"	0.0210204078245693	86	27	"Community Acquired Pneumonia"	"Bacteria"	"Actinobacteria"	"Actinobacteria"	"Corynebacteriales"	"Mycobacteriaceae"	"Mycobacterium"	"Mycobacterium kansasii"
"2638319"	"case"	"COVID19"	-1.63527265749645	0.436126912478873	0.000589179604486118	"caseCOVID19"	0.0210204078245693	86	41	"Community Acquired Pneumonia"	"Bacteria"	"Proteobacteria"	"Betaproteobacteria"	"Burkholderiales"	"Comamonadaceae"	"Polaromonas"	NA
"13689"	"case"	"COVID19"	-3.7431640811865	0.958582452151287	0.000741478068421516	"caseCOVID19"	0.0254807616571668	86	26	"Community Acquired Pneumonia"	"Bacteria"	"Proteobacteria"	"Alphaproteobacteria"	"Sphingomonadales"	"Sphingomonadaceae"	"Sphingomonas"	"Sphingomonas paucimobilis"
"231049"	"case"	"COVID19"	2.80319207332184	0.722227830776063	0.000760275890313296	"caseCOVID19"	0.0254807616571668	86	26	"Community Acquired Pneumonia"	"Bacteria"	"Firmicutes"	"Bacilli"	"Lactobacillales"	"Lactobacillaceae"	"Furfurilactobacillus"	"Lactobacillus rossiae"
"766"	"case"	"COVID19"	-2.00820667554259	0.538121728566278	0.000793272747960224	"caseCOVID19"	0.0258046958601179	86	33	"Community Acquired Pneumonia"	"Bacteria"	"Proteobacteria"	"Alphaproteobacteria"	"Rickettsiales"	NA	NA	NA
"1660"	"case"	"COVID19"	1.7474986091017	0.488680809679345	0.000851565519046882	"caseCOVID19"	0.0266750764051598	86	55	"Community Acquired Pneumonia"	"Bacteria"	"Actinobacteria"	"Actinobacteria"	"Actinomycetales"	"Actinomycetaceae"	"Schaalia"	"Schaalia odontolytica"
"28188"	"case"	"COVID19"	3.06284525504539	0.806255270300149	0.000874557405220602	"caseCOVID19"	0.0266750764051598	86	27	"Community Acquired Pneumonia"	"Bacteria"	"Bacteroidetes"	"Flavobacteriia"	"Flavobacteriales"	"Flavobacteriaceae"	"Capnocytophaga"	"Capnocytophaga canimorsus"
"159087"	"case"	"COVID19"	3.61738652881748	0.953106336000231	0.000892385015362488	"caseCOVID19"	0.0266750764051598	86	27	"Community Acquired Pneumonia"	"Bacteria"	"Proteobacteria"	"Betaproteobacteria"	"Rhodocyclales"	"Azonexaceae"	"Dechloromonas"	"Dechloromonas aromatica"
"946483"	"case"	"Uninfected"	-2.99652130508275	0.836093399492543	0.000951790634104399	"caseUninfected"	0.027702116876828	86	42	"Community Acquired Pneumonia"	"Bacteria"	"Proteobacteria"	"Betaproteobacteria"	"Burkholderiales"	"Comamonadaceae"	"Candidatus Symbiobacter"	"Candidatus Symbiobacter mobilis"
"2603276"	"case"	"Uninfected"	-2.83984007183644	0.805907380247748	0.00106080837935357	"caseUninfected"	0.030083437629873	86	44	"Community Acquired Pneumonia"	"Bacteria"	"Proteobacteria"	"Alphaproteobacteria"	"Rhizobiales"	"Methylobacteriaceae"	"Methylobacterium"	"Methylobacterium sp. WL1"
"748678"	"case"	"Uninfected"	-2.6010736799324	0.715182645477114	0.00125051799627391	"caseUninfected"	0.0345768225969737	86	28	"Community Acquired Pneumonia"	"Bacteria"	"Proteobacteria"	"Gammaproteobacteria"	"Enterobacterales"	"Yersiniaceae"	"Yersinia"	"Yersinia pestis"
"1123519"	"case"	"COVID19"	-2.49587703006104	0.686348782345145	0.00132165242972133	"caseCOVID19"	0.0356523801773607	86	28	"Community Acquired Pneumonia"	"Bacteria"	"Proteobacteria"	"Gammaproteobacteria"	"Pseudomonadales"	"Pseudomonadaceae"	"Pseudomonas"	"Pseudomonas stutzeri"
"1697053"	"case"	"Uninfected"	3.67389254769977	0.992049693982189	0.00140625347498039	"caseUninfected"	0.037031341507817	86	23	"Community Acquired Pneumonia"	"Bacteria"	"Proteobacteria"	"Gammaproteobacteria"	"Pseudomonadales"	"Pseudomonadaceae"	"Oblitimonas"	"Oblitimonas alkaliphila"
"2057025"	"case"	"COVID19"	2.05366540571797	0.598710776114365	0.00156297271256764	"caseCOVID19"	0.0402011120953445	86	38	"Community Acquired Pneumonia"	"Bacteria"	"Bacteroidetes"	"Cytophagia"	"Cytophagales"	"Cytophagaceae"	"Spirosoma"	"Spirosoma pollinicola"
"1392005"	"case"	"COVID19"	-1.39552408583977	0.415578307587031	0.00160956253664724	"caseCOVID19"	0.0404585492166328	86	48	"Community Acquired Pneumonia"	"Bacteria"	"Proteobacteria"	"Betaproteobacteria"	"Burkholderiales"	"Comamonadaceae"	"Comamonas"	"Comamonas testosteroni"
"881260"	"case"	"Uninfected"	-2.83263542044506	0.824769954490949	0.00178570359571674	"caseUninfected"	0.0429345255839721	86	36	"Community Acquired Pneumonia"	"Bacteria"	"Proteobacteria"	"Gammaproteobacteria"	"Enterobacterales"	"Enterobacteriaceae"	"Enterobacter"	"Enterobacter bugandensis"
"1246301"	"case"	"Uninfected"	-2.48707128235568	0.746757699490041	0.00175207012045023	"caseUninfected"	0.0429345255839721	86	50	"Community Acquired Pneumonia"	"Bacteria"	"Proteobacteria"	"Betaproteobacteria"	"Burkholderiales"	"Comamonadaceae"	"Variovorax"	"Variovorax paradoxus"
"43662"	"case"	"Uninfected"	-2.41131897014425	0.690042139839093	0.00188274717467395	"caseUninfected"	0.0430434074228937	86	27	"Community Acquired Pneumonia"	"Bacteria"	"Proteobacteria"	"Gammaproteobacteria"	"Alteromonadales"	"Pseudoalteromonadaceae"	"Pseudoalteromonas"	"Pseudoalteromonas piscicida"
"186801"	"case"	"COVID19"	1.72693313613014	0.520555366046329	0.00188197169919832	"caseCOVID19"	0.0430434074228937	86	45	"Community Acquired Pneumonia"	"Bacteria"	"Firmicutes"	"Clostridia"	NA	NA	NA	NA
"2509614"	"case"	"Uninfected"	-2.63347747507182	0.790861610743869	0.00190698640481175	"caseUninfected"	0.0430434074228937	86	42	"Community Acquired Pneumonia"	"Bacteria"	"Proteobacteria"	"Betaproteobacteria"	"Burkholderiales"	"Comamonadaceae"	"Rhodoferax"	"Rhodoferax sediminis"
"413882"	"case"	"Uninfected"	-2.35189574583707	0.70993983329667	0.00219894844223321	"caseUninfected"	0.048469874058928	86	37	"Community Acquired Pneumonia"	"Bacteria"	"Proteobacteria"	"Betaproteobacteria"	"Burkholderiales"	NA	NA	"[Polyangium] brachysporum"
"1844971"	"case"	"COVID19"	-1.44125694432617	0.436859691292162	0.00223504844213863	"caseCOVID19"	0.048469874058928	86	38	"Community Acquired Pneumonia"	"Bacteria"	"Proteobacteria"	"Betaproteobacteria"	"Burkholderiales"	"Comamonadaceae"	"Curvibacter"	"Curvibacter sp. AEP1-3"
"85015"	"case"	"Uninfected"	-1.86077135316693	0.575222896002638	0.0023239246818784	"caseUninfected"	0.049428090349183	86	47	"Community Acquired Pneumonia"	"Bacteria"	"Actinobacteria"	"Actinobacteria"	"Propionibacteriales"	"Nocardioidaceae"	NA	NA
